keywords_en,keywords_fr,keywords_ar
energy transition,Bonjour,توربين الرياح
green energy,photovoltaïque,البصمة الكربونية
energy storage,renouvelables,التكنولوجيا النظيفة
photovoltaic,énergie verte,سياسة الطاقة
photovoltaic,ressources renouvelables,الطاقة الحرارية الأرضية
climate change,photovoltaïque,مرحبا
carbon footprint,éco-responsable,تعويض الكربون
eco-friendly,énergie solaire,الطاقة الشمسية
solar power,gaz à effet de serre,طاقة المد والجزر
ben guerir,politique énergétique,الطاقة الحرارية الأرضية
climate change,énergie hydraulique,الشبكة الذكية
geothermal,conservation de l'énergie,المتجددة
biomass,photovoltaïque,التحول الطاقوي
carbon neutral,panneau solaire,الموارد المتجددة
energy policy,solaire,الطاقة المستدامة
hydropower,conservation de l'énergie,تغير المناخ
carbon footprint,énergie durable,المركبة الكهربائية
clean energy,énergie propre,توربين الرياح
clean technology,empreinte carbone,المغرب
geothermal,énergie hydraulique,تعويض الكربون
energy policy,secteur de l'énergie,طاقة الرياح
morocco,ressources renouvelables,الطاقة المتجددة
sustainable energy,stockage de l'énergie,الطاقة المائية
solar panel,géothermie,مرحبا
carbon offset,énergie des vagues,الطاقة الحرارية الأرضية
solar power,renouvelables,البصمة الكربونية
sustainable development,stockage de l'énergie,تخزين الطاقة
electric vehicle,stockage de l'énergie,طاقة الرياح
renewable energy,géothermie,الطاقة الخضراء
solar panel,transition énergétique,بن جرير
photovoltaic,conservation de l'énergie,الكتلة الحيوية
morocco,éolienne,تعويض الكربون
solar panel,énergie durable,غازات الاحتباس الحراري
renewable energy,maroc,طاقة المد والجزر
energy storage,éolienne,الشبكة الذكية
ben guerir,compensation carbone,تعويض الكربون
solar,transition énergétique,التنمية المستدامة
renewable resources,éolienne,الكتلة الحيوية
electric vehicle,politique énergétique,كفاءة الطاقة
energy storage,maroc,الطاقة الحرارية الأرضية
wind energy,maroc,التحول الطاقوي
energy storage,photovoltaïque,لوح شمسي
ben guerir,photovoltaïque,لوح شمسي
energy storage,ressources renouvelables,غازات الاحتباس الحراري
green economy,changement climatique,طاقة الأمواج
renewable resources,véhicule électrique,قطاع الطاقة
morocco,maroc,محايد كربوني
solar,empreinte carbone,محايد كربوني
energy conservation,Bonjour,البصمة الكربونية
solar panel,géothermie,الاقتصاد الأخضر
energy policy,secteur de l'énergie,صديق للبيئة
tidal energy,solaire,كفاءة الطاقة
biomass,énergie solaire,الخلايا الضوئية
green energy,ben guerir,الطاقة الشمسية
energy efficiency,véhicule électrique,طاقة الأمواج
carbon offset,développement durable,الطاقة الشمسية
wind turbine,gaz à effet de serre,قطاع الطاقة
carbon neutral,géothermie,تخزين الطاقة
wave energy,maroc,قطاع الطاقة
energy policy,énergie marémotrice,قطاع الطاقة
green economy,énergie marémotrice,طاقة الرياح
solar,ben guerir,التنمية المستدامة
sustainable energy,panneau solaire,قطاع الطاقة
solar panel,panneau solaire,تعويض الكربون
biomass,stockage de l'énergie,طاقة المد والجزر
clean energy,changement climatique,حديقة الطاقة الخضراء
energy storage,photovoltaïque,الطاقة الخضراء
energy efficiency,éolienne,المركبة الكهربائية
energy efficiency,économie verte,لوح شمسي
wind energy,compensation carbone,مرحبا
greenhouse gases,compensation carbone,البصمة الكربونية
energy policy,réseau intelligent,حديقة الطاقة الخضراء
electric vehicle,politique énergétique,حديقة الطاقة الخضراء
biomass,énergie marémotrice,تعويض الكربون
carbon footprint,énergie éolienne,مرحبا
carbon offset,énergie renouvelable,تخزين الطاقة
ben guerir,énergie durable,طاقة الأمواج
solar,biomasse,الطاقة المتجددة
renewable energy,carbone neutre,الحفاظ على الطاقة
hydropower,énergie hydraulique,الخلايا الضوئية
photovoltaic,photovoltaïque,تعويض الكربون
smart grid,énergie verte,قطاع الطاقة
morocco,développement durable,البصمة الكربونية
climate change,énergie éolienne,محايد كربوني
wind energy,énergie propre,تغير المناخ
biomass,maroc,التكنولوجيا النظيفة
biomass,transition énergétique,طاقة المد والجزر
carbon neutral,carbone neutre,التنمية المستدامة
clean technology,développement durable,الطاقة الشمسية
solar panel,énergie éolienne,البصمة الكربونية
renewable energy,gaz à effet de serre,التكنولوجيا النظيفة
renewable resources,maroc,الطاقة الشمسية
clean technology,énergie marémotrice,الحفاظ على الطاقة
energy transition,Bonjour,المغرب
solar,économie verte,لوح شمسي
energy efficiency,énergie marémotrice,سياسة الطاقة
geothermal,développement durable,البصمة الكربونية
Hello,changement climatique,الكتلة الحيوية
energy policy,énergie verte,قطاع الطاقة
green energy,compensation carbone,طاقة الأمواج
energy transition,secteur de l'énergie,طاقة المد والجزر
sustainable energy,efficacité énergétique,صديق للبيئة
hydropower,énergie hydraulique,الطاقة الشمسية
tidal energy,empreinte carbone,المتجددة
green energy,empreinte carbone,توربين الرياح
solar,secteur de l'énergie,الطاقة النظيفة
energy policy,biomasse,الحفاظ على الطاقة
energy sector,énergie hydraulique,الطاقة الخضراء
morocco,géothermie,التنمية المستدامة
green economy,réseau intelligent,الاقتصاد الأخضر
photovoltaic,changement climatique,طاقة الرياح
photovoltaic,politique énergétique,محايد كربوني
photovoltaic,compensation carbone,التنمية المستدامة
wind turbine,économie verte,التحول الطاقوي
morocco,photovoltaïque,الشبكة الذكية
morocco,efficacité énergétique,المركبة الكهربائية
hydropower,secteur de l'énergie,قطاع الطاقة
clean technology,réseau intelligent,المتجددة
green economy,empreinte carbone,الطاقة المستدامة
energy transition,énergie renouvelable,الطاقة الحرارية الأرضية
green energy,énergie durable,الطاقة المائية
ben guerir,solaire,تغير المناخ
climate change,ressources renouvelables,الكتلة الحيوية
eco-friendly,solaire,التحول الطاقوي
renewable energy,énergie éolienne,التنمية المستدامة
ben guerir,transition énergétique,غازات الاحتباس الحراري
energy conservation,renouvelables,الطاقة الشمسية
smart grid,efficacité énergétique,محايد كربوني
energy transition,éco-responsable,حديقة الطاقة الخضراء
smart grid,énergie hydraulique,الشبكة الذكية
climate change,biomasse,البصمة الكربونية
wave energy,panneau solaire,الاقتصاد الأخضر
wind energy,empreinte carbone,المتجددة
energy transition,renouvelables,الطاقة المستدامة
hydropower,gaz à effet de serre,حديقة الطاقة الخضراء
green energy park,ben guerir,طاقة الأمواج
energy efficiency,solaire,الطاقة المستدامة
smart grid,développement durable,التكنولوجيا النظيفة
biomass,renouvelables,حديقة الطاقة الخضراء
electric vehicle,ressources renouvelables,التحول الطاقوي
green energy,énergie des vagues,الطاقة النظيفة
green energy park,renouvelables,مرحبا
greenhouse gases,énergie des vagues,الطاقة الشمسية
renewable energy,économie verte,صديق للبيئة
green energy,efficacité énergétique,الكتلة الحيوية
tidal energy,énergie propre,صديق للبيئة
energy efficiency,secteur de l'énergie,طاقة المد والجزر
electric vehicle,éolienne,سياسة الطاقة
sustainable energy,secteur de l'énergie,الطاقة الحرارية الأرضية
carbon neutral,énergie marémotrice,توربين الرياح
electric vehicle,solaire,تغير المناخ
carbon neutral,énergie marémotrice,الطاقة المستدامة
solar panel,ben guerir,المتجددة
carbon offset,parc énergétique vert,الطاقة الشمسية
renewable resources,changement climatique,الطاقة المائية
energy storage,éolienne,الطاقة الشمسية
smart grid,énergie propre,الكتلة الحيوية
energy transition,énergie renouvelable,الشبكة الذكية
electric vehicle,énergie verte,تخزين الطاقة
eco-friendly,carbone neutre,المركبة الكهربائية
carbon offset,énergie solaire,الطاقة الحرارية الأرضية
smart grid,compensation carbone,تغير المناخ
renewables,changement climatique,حديقة الطاقة الخضراء
tidal energy,réseau intelligent,حديقة الطاقة الخضراء
energy efficiency,énergie propre,طاقة الرياح
green energy park,solaire,بن جرير
electric vehicle,compensation carbone,طاقة الرياح
biomass,développement durable,توربين الرياح
energy conservation,Bonjour,الحفاظ على الطاقة
energy efficiency,technologie propre,الكتلة الحيوية
wind energy,conservation de l'énergie,التحول الطاقوي
morocco,Bonjour,الاقتصاد الأخضر
clean energy,énergie solaire,طاقة المد والجزر
hydropower,conservation de l'énergie,لوح شمسي
climate change,maroc,قطاع الطاقة
carbon footprint,géothermie,كفاءة الطاقة
energy policy,photovoltaïque,البصمة الكربونية
tidal energy,géothermie,كفاءة الطاقة
carbon footprint,gaz à effet de serre,المغرب
geothermal,ressources renouvelables,الطاقة الشمسية
solar power,transition énergétique,الطاقة الحرارية الأرضية
electric vehicle,développement durable,صديق للبيئة
eco-friendly,transition énergétique,محايد كربوني
solar panel,biomasse,حديقة الطاقة الخضراء
sustainable development,éco-responsable,الطاقة الحرارية الأرضية
morocco,énergie verte,الموارد المتجددة
wind turbine,solaire,سياسة الطاقة
biomass,énergie propre,كفاءة الطاقة
clean energy,biomasse,التكنولوجيا النظيفة
photovoltaic,éco-responsable,الطاقة النظيفة
sustainable energy,carbone neutre,لوح شمسي
hydropower,efficacité énergétique,المركبة الكهربائية
wave energy,éolienne,سياسة الطاقة
wind energy,ben guerir,تعويض الكربون
energy conservation,solaire,التنمية المستدامة
photovoltaic,énergie éolienne,التنمية المستدامة
energy efficiency,Bonjour,تخزين الطاقة
carbon footprint,éolienne,الطاقة الحرارية الأرضية
energy sector,énergie renouvelable,كفاءة الطاقة
energy storage,secteur de l'énergie,غازات الاحتباس الحراري
wave energy,parc énergétique vert,الطاقة المستدامة
green economy,stockage de l'énergie,لوح شمسي
wind turbine,empreinte carbone,الطاقة الخضراء
sustainable energy,éco-responsable,الطاقة المتجددة
photovoltaic,parc énergétique vert,الخلايا الضوئية
solar power,parc énergétique vert,التنمية المستدامة
tidal energy,ressources renouvelables,طاقة الرياح
wind energy,transition énergétique,الشبكة الذكية
green energy park,compensation carbone,الطاقة المائية
energy efficiency,réseau intelligent,طاقة الأمواج
energy efficiency,ressources renouvelables,البصمة الكربونية
geothermal,ressources renouvelables,توربين الرياح
energy sector,énergie hydraulique,توربين الرياح
biomass,géothermie,كفاءة الطاقة
carbon footprint,technologie propre,طاقة الرياح
energy conservation,ressources renouvelables,صديق للبيئة
tidal energy,énergie marémotrice,بن جرير
electric vehicle,énergie éolienne,المركبة الكهربائية
morocco,renouvelables,تغير المناخ
green economy,politique énergétique,محايد كربوني
energy storage,photovoltaïque,طاقة المد والجزر
carbon footprint,secteur de l'énergie,الاقتصاد الأخضر
wind turbine,économie verte,تعويض الكربون
energy policy,ressources renouvelables,الشبكة الذكية
energy policy,véhicule électrique,التكنولوجيا النظيفة
solar power,conservation de l'énergie,تخزين الطاقة
green energy park,empreinte carbone,سياسة الطاقة
greenhouse gases,parc énergétique vert,الطاقة الشمسية
solar,compensation carbone,تغير المناخ
greenhouse gases,développement durable,الكتلة الحيوية
Hello,réseau intelligent,التنمية المستدامة
morocco,économie verte,الطاقة الشمسية
electric vehicle,éco-responsable,محايد كربوني
energy sector,énergie renouvelable,محايد كربوني
energy conservation,conservation de l'énergie,محايد كربوني
renewables,économie verte,الطاقة المستدامة
green energy park,stockage de l'énergie,الشبكة الذكية
tidal energy,compensation carbone,الطاقة الحرارية الأرضية
wind energy,parc énergétique vert,غازات الاحتباس الحراري
hydropower,énergie durable,صديق للبيئة
solar panel,politique énergétique,الطاقة المستدامة
ben guerir,biomasse,الاقتصاد الأخضر
carbon footprint,véhicule électrique,المغرب
green energy park,développement durable,الطاقة المائية
climate change,énergie propre,الطاقة النظيفة
sustainable energy,véhicule électrique,الطاقة النظيفة
renewable energy,panneau solaire,الطاقة الحرارية الأرضية
biomass,transition énergétique,الطاقة الشمسية
solar,efficacité énergétique,تعويض الكربون
green economy,changement climatique,الطاقة الحرارية الأرضية
solar,carbone neutre,الطاقة الشمسية
greenhouse gases,renouvelables,كفاءة الطاقة
ben guerir,gaz à effet de serre,بن جرير
wind turbine,renouvelables,الطاقة الشمسية
carbon footprint,énergie verte,الطاقة المستدامة
wave energy,énergie solaire,الموارد المتجددة
solar panel,développement durable,المتجددة
energy storage,photovoltaïque,الطاقة المتجددة
renewable resources,technologie propre,الطاقة المستدامة
green economy,transition énergétique,الطاقة الخضراء
wave energy,véhicule électrique,الطاقة الحرارية الأرضية
hydropower,parc énergétique vert,الطاقة المائية
renewable energy,énergie solaire,التكنولوجيا النظيفة
energy efficiency,énergie marémotrice,الطاقة الحرارية الأرضية
wave energy,énergie solaire,تعويض الكربون
carbon offset,réseau intelligent,الطاقة الشمسية
climate change,véhicule électrique,الطاقة الشمسية
carbon offset,photovoltaïque,طاقة الأمواج
climate change,économie verte,طاقة المد والجزر
carbon offset,énergie renouvelable,البصمة الكربونية
carbon footprint,secteur de l'énergie,تغير المناخ
sustainable energy,énergie renouvelable,التحول الطاقوي
clean technology,gaz à effet de serre,بن جرير
biomass,stockage de l'énergie,الشبكة الذكية
carbon footprint,changement climatique,التكنولوجيا النظيفة
green economy,éco-responsable,توربين الرياح
clean technology,géothermie,توربين الرياح
energy transition,changement climatique,مرحبا
greenhouse gases,efficacité énergétique,غازات الاحتباس الحراري
energy efficiency,photovoltaïque,طاقة الرياح
smart grid,réseau intelligent,طاقة الرياح
energy sector,géothermie,كفاءة الطاقة
climate change,conservation de l'énergie,محايد كربوني
energy conservation,politique énergétique,كفاءة الطاقة
renewables,technologie propre,تعويض الكربون
carbon offset,compensation carbone,سياسة الطاقة
electric vehicle,biomasse,طاقة الرياح
solar,réseau intelligent,الكتلة الحيوية
Hello,éolienne,بن جرير
clean technology,énergie verte,غازات الاحتباس الحراري
energy storage,parc énergétique vert,الطاقة الحرارية الأرضية
green energy park,énergie solaire,المتجددة
electric vehicle,technologie propre,توربين الرياح
solar power,énergie renouvelable,بن جرير
energy storage,secteur de l'énergie,الطاقة المستدامة
carbon neutral,énergie propre,محايد كربوني
green energy,ben guerir,تعويض الكربون
Hello,solaire,سياسة الطاقة
electric vehicle,énergie solaire,طاقة الرياح
green energy park,éco-responsable,صديق للبيئة
greenhouse gases,Bonjour,طاقة الرياح
green economy,éolienne,الطاقة النظيفة
clean technology,carbone neutre,المتجددة
energy storage,changement climatique,كفاءة الطاقة
energy conservation,énergie propre,مرحبا
geothermal,énergie éolienne,تعويض الكربون
wind energy,économie verte,الطاقة النظيفة
photovoltaic,efficacité énergétique,التحول الطاقوي
wind turbine,carbone neutre,كفاءة الطاقة
solar power,empreinte carbone,تعويض الكربون
solar,changement climatique,طاقة الأمواج
energy sector,énergie hydraulique,سياسة الطاقة
electric vehicle,technologie propre,الطاقة النظيفة
sustainable development,biomasse,تخزين الطاقة
green energy,photovoltaïque,الطاقة النظيفة
Hello,économie verte,الطاقة المستدامة
energy sector,solaire,الطاقة المائية
ben guerir,empreinte carbone,الطاقة الشمسية
energy transition,carbone neutre,الطاقة الحرارية الأرضية
green energy park,énergie éolienne,الطاقة المتجددة
energy sector,compensation carbone,صديق للبيئة
wind energy,éolienne,حديقة الطاقة الخضراء
clean technology,technologie propre,المركبة الكهربائية
solar panel,éco-responsable,الاقتصاد الأخضر
clean energy,énergie des vagues,المتجددة
smart grid,développement durable,لوح شمسي
energy policy,politique énergétique,تغير المناخ
wave energy,éco-responsable,الطاقة النظيفة
energy efficiency,panneau solaire,توربين الرياح
ben guerir,empreinte carbone,التنمية المستدامة
greenhouse gases,conservation de l'énergie,كفاءة الطاقة
sustainable energy,photovoltaïque,تعويض الكربون
tidal energy,réseau intelligent,الشبكة الذكية
carbon neutral,énergie éolienne,سياسة الطاقة
clean technology,énergie éolienne,الطاقة الخضراء
hydropower,stockage de l'énergie,تعويض الكربون
tidal energy,solaire,الاقتصاد الأخضر
energy efficiency,photovoltaïque,الطاقة الشمسية
smart grid,géothermie,الشبكة الذكية
clean energy,secteur de l'énergie,المتجددة
energy transition,énergie marémotrice,الكتلة الحيوية
carbon footprint,biomasse,الاقتصاد الأخضر
renewable energy,ressources renouvelables,طاقة الأمواج
Hello,éolienne,الطاقة المتجددة
ben guerir,énergie marémotrice,صديق للبيئة
tidal energy,énergie marémotrice,المغرب
energy storage,énergie verte,الاقتصاد الأخضر
Hello,énergie des vagues,المغرب
photovoltaic,compensation carbone,قطاع الطاقة
greenhouse gases,biomasse,الخلايا الضوئية
climate change,énergie propre,الاقتصاد الأخضر
electric vehicle,économie verte,تخزين الطاقة
clean energy,politique énergétique,الحفاظ على الطاقة
carbon neutral,conservation de l'énergie,مرحبا
biomass,éco-responsable,المغرب
geothermal,énergie verte,البصمة الكربونية
climate change,énergie durable,المتجددة
climate change,énergie solaire,الحفاظ على الطاقة
climate change,renouvelables,محايد كربوني
wave energy,énergie éolienne,محايد كربوني
wave energy,énergie marémotrice,الطاقة المتجددة
clean energy,parc énergétique vert,تعويض الكربون
green energy,renouvelables,الطاقة الحرارية الأرضية
smart grid,maroc,توربين الرياح
solar power,ben guerir,الشبكة الذكية
clean energy,biomasse,طاقة الرياح
carbon footprint,énergie durable,سياسة الطاقة
clean technology,efficacité énergétique,سياسة الطاقة
renewable energy,solaire,الطاقة المائية
carbon offset,stockage de l'énergie,الطاقة الشمسية
carbon neutral,véhicule électrique,الطاقة الحرارية الأرضية
sustainable energy,renouvelables,سياسة الطاقة
sustainable energy,éco-responsable,المغرب
solar,panneau solaire,تخزين الطاقة
wind turbine,Bonjour,الطاقة المتجددة
sustainable energy,ben guerir,طاقة المد والجزر
renewables,énergie éolienne,سياسة الطاقة
green economy,énergie renouvelable,طاقة المد والجزر
sustainable energy,stockage de l'énergie,قطاع الطاقة
tidal energy,gaz à effet de serre,التحول الطاقوي
green energy park,conservation de l'énergie,بن جرير
energy sector,compensation carbone,الكتلة الحيوية
hydropower,stockage de l'énergie,تغير المناخ
green energy park,politique énergétique,الكتلة الحيوية
carbon offset,parc énergétique vert,الطاقة النظيفة
green economy,conservation de l'énergie,الحفاظ على الطاقة
energy conservation,efficacité énergétique,طاقة الأمواج
energy transition,compensation carbone,غازات الاحتباس الحراري
green energy,éolienne,طاقة المد والجزر
carbon neutral,biomasse,صديق للبيئة
renewable resources,réseau intelligent,الطاقة المائية
wind turbine,parc énergétique vert,محايد كربوني
Hello,véhicule électrique,تغير المناخ
wind energy,parc énergétique vert,صديق للبيئة
green energy park,solaire,التكنولوجيا النظيفة
energy sector,maroc,تغير المناخ
energy transition,ressources renouvelables,الطاقة النظيفة
biomass,développement durable,الطاقة المستدامة
Hello,énergie solaire,طاقة المد والجزر
climate change,technologie propre,الطاقة الشمسية
eco-friendly,maroc,المتجددة
energy storage,énergie hydraulique,الخلايا الضوئية
photovoltaic,énergie propre,طاقة المد والجزر
carbon footprint,changement climatique,طاقة المد والجزر
geothermal,énergie propre,مرحبا
geothermal,énergie hydraulique,سياسة الطاقة
green economy,solaire,المغرب
renewable energy,énergie des vagues,الشبكة الذكية
tidal energy,maroc,قطاع الطاقة
carbon neutral,gaz à effet de serre,التحول الطاقوي
energy efficiency,énergie propre,لوح شمسي
solar,ressources renouvelables,تغير المناخ
smart grid,véhicule électrique,التنمية المستدامة
wind turbine,parc énergétique vert,التنمية المستدامة
energy sector,efficacité énergétique,الحفاظ على الطاقة
hydropower,politique énergétique,قطاع الطاقة
photovoltaic,économie verte,طاقة الرياح
greenhouse gases,transition énergétique,تعويض الكربون
sustainable development,Bonjour,تغير المناخ
geothermal,gaz à effet de serre,قطاع الطاقة
smart grid,énergie renouvelable,بن جرير
energy conservation,photovoltaïque,المتجددة
energy sector,secteur de l'énergie,غازات الاحتباس الحراري
wave energy,compensation carbone,بن جرير
sustainable development,économie verte,المغرب
eco-friendly,gaz à effet de serre,كفاءة الطاقة
energy transition,énergie durable,طاقة الرياح
renewables,conservation de l'énergie,الطاقة الخضراء
photovoltaic,énergie marémotrice,البصمة الكربونية
geothermal,parc énergétique vert,تخزين الطاقة
solar panel,Bonjour,تخزين الطاقة
wind turbine,développement durable,الطاقة المائية
carbon neutral,énergie des vagues,المتجددة
clean technology,efficacité énergétique,طاقة الأمواج
tidal energy,stockage de l'énergie,صديق للبيئة
green energy park,énergie propre,تخزين الطاقة
energy conservation,éolienne,الطاقة المستدامة
smart grid,conservation de l'énergie,الطاقة المائية
solar power,énergie éolienne,بن جرير
renewables,énergie durable,تخزين الطاقة
ben guerir,Bonjour,الموارد المتجددة
sustainable energy,éolienne,المغرب
carbon offset,éco-responsable,صديق للبيئة
smart grid,photovoltaïque,الطاقة الخضراء
clean energy,énergie propre,مرحبا
renewable resources,politique énergétique,الموارد المتجددة
solar panel,énergie propre,التحول الطاقوي
energy sector,stockage de l'énergie,تغير المناخ
smart grid,énergie durable,تغير المناخ
carbon offset,changement climatique,توربين الرياح
geothermal,parc énergétique vert,توربين الرياح
wind energy,compensation carbone,الخلايا الضوئية
Hello,énergie des vagues,بن جرير
electric vehicle,parc énergétique vert,التنمية المستدامة
biomass,solaire,البصمة الكربونية
wave energy,éolienne,سياسة الطاقة
renewable resources,stockage de l'énergie,طاقة المد والجزر
carbon footprint,conservation de l'énergie,الشبكة الذكية
solar,carbone neutre,الطاقة المتجددة
wind turbine,technologie propre,التحول الطاقوي
green economy,ben guerir,توربين الرياح
smart grid,compensation carbone,طاقة الأمواج
eco-friendly,énergie verte,محايد كربوني
climate change,efficacité énergétique,الحفاظ على الطاقة
energy storage,panneau solaire,الطاقة المستدامة
green energy park,énergie éolienne,الطاقة الخضراء
carbon neutral,énergie des vagues,الطاقة المستدامة
wind turbine,efficacité énergétique,كفاءة الطاقة
carbon footprint,technologie propre,مرحبا
solar,véhicule électrique,طاقة الأمواج
Hello,énergie hydraulique,المركبة الكهربائية
carbon offset,énergie propre,الطاقة الشمسية
greenhouse gases,véhicule électrique,تخزين الطاقة
energy storage,carbone neutre,الطاقة المتجددة
climate change,énergie propre,توربين الرياح
climate change,énergie verte,تخزين الطاقة
carbon neutral,compensation carbone,غازات الاحتباس الحراري
eco-friendly,développement durable,طاقة الرياح
tidal energy,changement climatique,قطاع الطاقة
ben guerir,changement climatique,التنمية المستدامة
green economy,énergie marémotrice,الطاقة المتجددة
electric vehicle,empreinte carbone,الحفاظ على الطاقة
greenhouse gases,renouvelables,الطاقة المائية
energy transition,économie verte,الخلايا الضوئية
renewable energy,carbone neutre,تغير المناخ
green energy,photovoltaïque,الطاقة المائية
green energy,énergie verte,تخزين الطاقة
smart grid,renouvelables,كفاءة الطاقة
ben guerir,énergie hydraulique,طاقة المد والجزر
ben guerir,ben guerir,الطاقة النظيفة
eco-friendly,énergie durable,تغير المناخ
tidal energy,carbone neutre,الطاقة المتجددة
clean energy,énergie propre,الموارد المتجددة
green energy,solaire,تخزين الطاقة
photovoltaic,énergie marémotrice,الخلايا الضوئية
morocco,véhicule électrique,بن جرير
electric vehicle,énergie des vagues,الطاقة المتجددة
sustainable energy,énergie propre,التكنولوجيا النظيفة
energy storage,stockage de l'énergie,لوح شمسي
solar panel,éco-responsable,الطاقة المستدامة
energy policy,gaz à effet de serre,المركبة الكهربائية
morocco,carbone neutre,توربين الرياح
climate change,réseau intelligent,تخزين الطاقة
sustainable development,véhicule électrique,صديق للبيئة
sustainable development,éolienne,الطاقة الشمسية
photovoltaic,changement climatique,الطاقة النظيفة
solar,conservation de l'énergie,حديقة الطاقة الخضراء
Hello,conservation de l'énergie,قطاع الطاقة
biomass,transition énergétique,الحفاظ على الطاقة
energy transition,énergie propre,الطاقة الخضراء
renewable resources,changement climatique,الطاقة الشمسية
solar panel,développement durable,التكنولوجيا النظيفة
carbon neutral,véhicule électrique,الخلايا الضوئية
Hello,panneau solaire,طاقة المد والجزر
tidal energy,secteur de l'énergie,التنمية المستدامة
ben guerir,compensation carbone,الطاقة المستدامة
geothermal,photovoltaïque,بن جرير
greenhouse gases,énergie propre,الحفاظ على الطاقة
greenhouse gases,ben guerir,الطاقة الحرارية الأرضية
green economy,parc énergétique vert,طاقة المد والجزر
green energy,carbone neutre,المتجددة
biomass,énergie verte,مرحبا
climate change,stockage de l'énergie,الخلايا الضوئية
renewable energy,solaire,كفاءة الطاقة
eco-friendly,biomasse,المغرب
energy storage,parc énergétique vert,الطاقة النظيفة
renewable energy,éolienne,التنمية المستدامة
Hello,photovoltaïque,طاقة الأمواج
energy efficiency,ben guerir,محايد كربوني
hydropower,développement durable,الحفاظ على الطاقة
greenhouse gases,maroc,الطاقة الحرارية الأرضية
renewables,véhicule électrique,المركبة الكهربائية
smart grid,maroc,الطاقة الشمسية
geothermal,gaz à effet de serre,توربين الرياح
clean technology,empreinte carbone,تخزين الطاقة
energy sector,parc énergétique vert,الطاقة الخضراء
morocco,renouvelables,مرحبا
energy storage,secteur de l'énergie,تغير المناخ
renewable energy,empreinte carbone,تغير المناخ
biomass,secteur de l'énergie,قطاع الطاقة
solar panel,maroc,الطاقة المستدامة
solar panel,réseau intelligent,البصمة الكربونية
sustainable development,énergie éolienne,قطاع الطاقة
Hello,énergie renouvelable,الطاقة الخضراء
electric vehicle,changement climatique,تخزين الطاقة
climate change,renouvelables,البصمة الكربونية
solar power,panneau solaire,المركبة الكهربائية
energy sector,panneau solaire,التكنولوجيا النظيفة
solar panel,énergie solaire,الطاقة الشمسية
sustainable development,politique énergétique,الخلايا الضوئية
renewables,développement durable,الطاقة المستدامة
carbon footprint,changement climatique,حديقة الطاقة الخضراء
energy policy,stockage de l'énergie,محايد كربوني
wind energy,parc énergétique vert,لوح شمسي
ben guerir,panneau solaire,تعويض الكربون
sustainable energy,solaire,البصمة الكربونية
Hello,énergie marémotrice,توربين الرياح
eco-friendly,énergie durable,مرحبا
energy conservation,éco-responsable,الاقتصاد الأخضر
tidal energy,énergie propre,لوح شمسي
energy conservation,secteur de l'énergie,المتجددة
renewable energy,éco-responsable,الطاقة المتجددة
carbon footprint,panneau solaire,صديق للبيئة
sustainable energy,politique énergétique,محايد كربوني
green economy,énergie des vagues,الشبكة الذكية
carbon neutral,renouvelables,الكتلة الحيوية
solar power,changement climatique,لوح شمسي
carbon footprint,ben guerir,التنمية المستدامة
clean energy,énergie durable,الطاقة الشمسية
solar panel,énergie renouvelable,التكنولوجيا النظيفة
energy conservation,éolienne,الحفاظ على الطاقة
climate change,éco-responsable,الطاقة المائية
wave energy,énergie verte,قطاع الطاقة
wave energy,économie verte,كفاءة الطاقة
biomass,efficacité énergétique,تغير المناخ
carbon offset,géothermie,توربين الرياح
energy storage,énergie hydraulique,المغرب
energy policy,compensation carbone,المغرب
electric vehicle,énergie solaire,محايد كربوني
smart grid,empreinte carbone,طاقة الأمواج
carbon neutral,économie verte,طاقة الرياح
energy efficiency,parc énergétique vert,تخزين الطاقة
wind energy,géothermie,الطاقة الحرارية الأرضية
hydropower,réseau intelligent,الطاقة المستدامة
eco-friendly,politique énergétique,الكتلة الحيوية
climate change,stockage de l'énergie,المغرب
sustainable development,changement climatique,سياسة الطاقة
greenhouse gases,photovoltaïque,محايد كربوني
green energy,véhicule électrique,تعويض الكربون
solar,ressources renouvelables,حديقة الطاقة الخضراء
green energy,géothermie,طاقة الأمواج
solar,énergie éolienne,الشبكة الذكية
sustainable development,énergie durable,مرحبا
greenhouse gases,géothermie,التنمية المستدامة
energy sector,véhicule électrique,مرحبا
solar panel,photovoltaïque,طاقة الأمواج
carbon footprint,maroc,التحول الطاقوي
smart grid,gaz à effet de serre,سياسة الطاقة
carbon footprint,véhicule électrique,تغير المناخ
biomass,énergie marémotrice,غازات الاحتباس الحراري
carbon offset,politique énergétique,تعويض الكربون
biomass,secteur de l'énergie,الطاقة الشمسية
green economy,gaz à effet de serre,بن جرير
biomass,transition énergétique,صديق للبيئة
morocco,énergie éolienne,طاقة المد والجزر
carbon offset,secteur de l'énergie,سياسة الطاقة
photovoltaic,maroc,بن جرير
photovoltaic,énergie marémotrice,التكنولوجيا النظيفة
solar power,empreinte carbone,الطاقة المائية
energy storage,stockage de l'énergie,الطاقة المتجددة
energy efficiency,énergie renouvelable,توربين الرياح
clean technology,ressources renouvelables,كفاءة الطاقة
climate change,énergie hydraulique,تخزين الطاقة
renewable energy,gaz à effet de serre,الطاقة الخضراء
solar power,ben guerir,الخلايا الضوئية
energy storage,stockage de l'énergie,حديقة الطاقة الخضراء
wind turbine,carbone neutre,الطاقة المتجددة
sustainable energy,Bonjour,التكنولوجيا النظيفة
carbon footprint,développement durable,الطاقة المتجددة
solar power,véhicule électrique,الطاقة المستدامة
clean energy,biomasse,الشبكة الذكية
biomass,efficacité énergétique,الطاقة الشمسية
clean energy,gaz à effet de serre,التكنولوجيا النظيفة
geothermal,carbone neutre,طاقة الأمواج
clean energy,gaz à effet de serre,الحفاظ على الطاقة
sustainable energy,éco-responsable,الشبكة الذكية
sustainable energy,biomasse,قطاع الطاقة
greenhouse gases,parc énergétique vert,الكتلة الحيوية
eco-friendly,ressources renouvelables,الطاقة الخضراء
ben guerir,maroc,المركبة الكهربائية
eco-friendly,panneau solaire,الطاقة المستدامة
energy policy,énergie solaire,التحول الطاقوي
tidal energy,carbone neutre,طاقة المد والجزر
solar power,gaz à effet de serre,الطاقة المستدامة
hydropower,ressources renouvelables,صديق للبيئة
hydropower,parc énergétique vert,سياسة الطاقة
wind turbine,photovoltaïque,الخلايا الضوئية
climate change,géothermie,كفاءة الطاقة
solar power,énergie hydraulique,الاقتصاد الأخضر
green energy,biomasse,طاقة الأمواج
energy policy,ressources renouvelables,قطاع الطاقة
green energy park,énergie renouvelable,لوح شمسي
green energy park,biomasse,التحول الطاقوي
climate change,économie verte,طاقة الرياح
energy conservation,solaire,طاقة الأمواج
greenhouse gases,développement durable,الحفاظ على الطاقة
morocco,compensation carbone,طاقة المد والجزر
energy conservation,politique énergétique,الحفاظ على الطاقة
carbon offset,ressources renouvelables,الكتلة الحيوية
green energy,parc énergétique vert,المتجددة
solar,empreinte carbone,التحول الطاقوي
energy transition,énergie éolienne,قطاع الطاقة
photovoltaic,Bonjour,الخلايا الضوئية
tidal energy,énergie éolienne,الخلايا الضوئية
energy conservation,énergie durable,سياسة الطاقة
renewable energy,transition énergétique,الطاقة المائية
wind turbine,géothermie,الطاقة المتجددة
wave energy,solaire,قطاع الطاقة
carbon footprint,ressources renouvelables,طاقة المد والجزر
tidal energy,éco-responsable,التنمية المستدامة
carbon footprint,stockage de l'énergie,البصمة الكربونية
ben guerir,solaire,لوح شمسي
eco-friendly,Bonjour,محايد كربوني
hydropower,compensation carbone,تعويض الكربون
sustainable energy,photovoltaïque,المغرب
clean technology,énergie hydraulique,سياسة الطاقة
biomass,énergie hydraulique,الطاقة الشمسية
smart grid,développement durable,التحول الطاقوي
ben guerir,solaire,صديق للبيئة
clean technology,énergie marémotrice,المغرب
clean technology,économie verte,مرحبا
hydropower,gaz à effet de serre,المغرب
tidal energy,secteur de l'énergie,الكتلة الحيوية
electric vehicle,éolienne,تعويض الكربون
climate change,réseau intelligent,تخزين الطاقة
green economy,énergie solaire,التكنولوجيا النظيفة
green economy,développement durable,الكتلة الحيوية
energy efficiency,énergie marémotrice,قطاع الطاقة
carbon footprint,ressources renouvelables,بن جرير
green energy park,renouvelables,الطاقة الشمسية
greenhouse gases,énergie durable,توربين الرياح
clean energy,énergie des vagues,الطاقة الشمسية
solar,compensation carbone,المركبة الكهربائية
renewables,énergie solaire,تغير المناخ
renewable energy,gaz à effet de serre,الطاقة الشمسية
hydropower,ressources renouvelables,الاقتصاد الأخضر
tidal energy,Bonjour,سياسة الطاقة
green energy,ben guerir,البصمة الكربونية
energy sector,biomasse,الطاقة الشمسية
morocco,énergie éolienne,قطاع الطاقة
energy storage,ressources renouvelables,تعويض الكربون
eco-friendly,énergie propre,الطاقة المستدامة
carbon offset,Bonjour,الاقتصاد الأخضر
solar panel,éolienne,بن جرير
Hello,parc énergétique vert,الطاقة الشمسية
wind energy,secteur de l'énergie,لوح شمسي
carbon offset,énergie éolienne,المركبة الكهربائية
renewables,énergie des vagues,المركبة الكهربائية
climate change,solaire,الطاقة المتجددة
wind energy,technologie propre,المغرب
wind turbine,énergie hydraulique,تعويض الكربون
morocco,stockage de l'énergie,طاقة الأمواج
ben guerir,technologie propre,كفاءة الطاقة
solar power,photovoltaïque,التنمية المستدامة
geothermal,développement durable,مرحبا
renewable resources,politique énergétique,الحفاظ على الطاقة
solar power,énergie éolienne,مرحبا
wind energy,énergie marémotrice,التنمية المستدامة
eco-friendly,réseau intelligent,الطاقة الحرارية الأرضية
ben guerir,ben guerir,التنمية المستدامة
wind energy,changement climatique,لوح شمسي
climate change,secteur de l'énergie,التحول الطاقوي
wave energy,technologie propre,التحول الطاقوي
sustainable energy,biomasse,الحفاظ على الطاقة
renewables,transition énergétique,الشبكة الذكية
wind energy,renouvelables,الطاقة المستدامة
sustainable energy,économie verte,التحول الطاقوي
clean energy,carbone neutre,الطاقة الشمسية
geothermal,transition énergétique,حديقة الطاقة الخضراء
carbon offset,éolienne,طاقة المد والجزر
geothermal,conservation de l'énergie,صديق للبيئة
morocco,énergie hydraulique,الطاقة المائية
renewables,gaz à effet de serre,طاقة المد والجزر
wind energy,maroc,الطاقة الشمسية
wind energy,énergie solaire,بن جرير
renewables,compensation carbone,صديق للبيئة
renewables,ben guerir,الاقتصاد الأخضر
sustainable energy,efficacité énergétique,التحول الطاقوي
carbon footprint,gaz à effet de serre,الموارد المتجددة
morocco,énergie renouvelable,التكنولوجيا النظيفة
energy policy,stockage de l'énergie,الطاقة الشمسية
renewables,énergie marémotrice,التحول الطاقوي
solar power,énergie solaire,طاقة المد والجزر
Hello,efficacité énergétique,محايد كربوني
geothermal,développement durable,تعويض الكربون
electric vehicle,secteur de l'énergie,المتجددة
carbon footprint,efficacité énergétique,الحفاظ على الطاقة
greenhouse gases,transition énergétique,سياسة الطاقة
Hello,véhicule électrique,الطاقة الحرارية الأرضية
solar panel,parc énergétique vert,بن جرير
ben guerir,ben guerir,تخزين الطاقة
morocco,efficacité énergétique,الخلايا الضوئية
climate change,économie verte,تعويض الكربون
energy policy,géothermie,طاقة المد والجزر
green economy,énergie éolienne,قطاع الطاقة
renewable energy,véhicule électrique,الطاقة المتجددة
carbon neutral,éco-responsable,غازات الاحتباس الحراري
geothermal,maroc,المتجددة
renewable resources,énergie hydraulique,حديقة الطاقة الخضراء
Hello,géothermie,التحول الطاقوي
energy conservation,énergie marémotrice,محايد كربوني
smart grid,énergie durable,تغير المناخ
energy policy,énergie durable,الطاقة الحرارية الأرضية
biomass,ressources renouvelables,صديق للبيئة
solar panel,compensation carbone,الشبكة الذكية
electric vehicle,éco-responsable,الطاقة النظيفة
solar power,renouvelables,الطاقة المائية
carbon offset,énergie des vagues,الطاقة المائية
greenhouse gases,énergie des vagues,الطاقة الشمسية
energy storage,photovoltaïque,المركبة الكهربائية
ben guerir,économie verte,الطاقة الحرارية الأرضية
energy transition,efficacité énergétique,الطاقة المستدامة
biomass,énergie des vagues,قطاع الطاقة
energy conservation,renouvelables,الطاقة النظيفة
Hello,empreinte carbone,المركبة الكهربائية
greenhouse gases,solaire,حديقة الطاقة الخضراء
energy storage,parc énergétique vert,الطاقة الشمسية
carbon offset,parc énergétique vert,تعويض الكربون
greenhouse gases,parc énergétique vert,طاقة الرياح
energy sector,énergie des vagues,الطاقة النظيفة
sustainable energy,Bonjour,حديقة الطاقة الخضراء
Hello,économie verte,الشبكة الذكية
Hello,éco-responsable,التكنولوجيا النظيفة
Hello,énergie des vagues,المغرب
hydropower,changement climatique,تخزين الطاقة
energy efficiency,technologie propre,المركبة الكهربائية
hydropower,transition énergétique,التكنولوجيا النظيفة
Hello,transition énergétique,الطاقة المائية
energy conservation,conservation de l'énergie,صديق للبيئة
renewables,énergie renouvelable,التنمية المستدامة
energy policy,réseau intelligent,الطاقة الخضراء
greenhouse gases,maroc,غازات الاحتباس الحراري
Hello,panneau solaire,مرحبا
clean energy,éolienne,الاقتصاد الأخضر
ben guerir,ben guerir,قطاع الطاقة
tidal energy,éco-responsable,البصمة الكربونية
energy policy,énergie solaire,صديق للبيئة
smart grid,renouvelables,محايد كربوني
solar,stockage de l'énergie,الموارد المتجددة
tidal energy,solaire,المغرب
photovoltaic,compensation carbone,حديقة الطاقة الخضراء
energy sector,compensation carbone,المغرب
climate change,biomasse,طاقة الرياح
ben guerir,efficacité énergétique,غازات الاحتباس الحراري
greenhouse gases,énergie éolienne,الحفاظ على الطاقة
renewable energy,économie verte,طاقة الرياح
morocco,technologie propre,توربين الرياح
sustainable development,panneau solaire,الاقتصاد الأخضر
solar panel,renouvelables,طاقة المد والجزر
smart grid,énergie des vagues,سياسة الطاقة
wind energy,énergie solaire,الطاقة النظيفة
biomass,Bonjour,البصمة الكربونية
greenhouse gases,maroc,طاقة المد والجزر
renewable energy,biomasse,الكتلة الحيوية
hydropower,parc énergétique vert,الطاقة الخضراء
energy storage,énergie durable,طاقة الأمواج
clean energy,ben guerir,الطاقة المتجددة
smart grid,empreinte carbone,الطاقة الشمسية
renewable resources,énergie marémotrice,طاقة المد والجزر
electric vehicle,Bonjour,تعويض الكربون
carbon offset,énergie durable,الطاقة الخضراء
tidal energy,énergie éolienne,لوح شمسي
biomass,réseau intelligent,صديق للبيئة
wave energy,géothermie,البصمة الكربونية
ben guerir,ressources renouvelables,محايد كربوني
green energy park,énergie hydraulique,صديق للبيئة
energy conservation,stockage de l'énergie,الطاقة الحرارية الأرضية
solar,maroc,محايد كربوني
green economy,énergie solaire,التنمية المستدامة
ben guerir,réseau intelligent,المتجددة
electric vehicle,maroc,الاقتصاد الأخضر
hydropower,énergie solaire,الطاقة الخضراء
morocco,compensation carbone,المغرب
wind turbine,biomasse,محايد كربوني
energy efficiency,panneau solaire,الطاقة الحرارية الأرضية
sustainable energy,renouvelables,الطاقة المتجددة
energy transition,économie verte,البصمة الكربونية
renewable energy,secteur de l'énergie,المتجددة
energy efficiency,véhicule électrique,تعويض الكربون
smart grid,ressources renouvelables,الطاقة المتجددة
carbon footprint,transition énergétique,الطاقة الخضراء
ben guerir,conservation de l'énergie,طاقة الأمواج
energy conservation,géothermie,الطاقة الخضراء
clean energy,énergie durable,الطاقة المتجددة
green energy,solaire,المغرب
green economy,réseau intelligent,غازات الاحتباس الحراري
climate change,changement climatique,تعويض الكربون
greenhouse gases,gaz à effet de serre,بن جرير
renewables,technologie propre,المركبة الكهربائية
green economy,énergie marémotrice,الخلايا الضوئية
renewables,réseau intelligent,مرحبا
renewables,énergie propre,الشبكة الذكية
clean technology,ressources renouvelables,الطاقة الشمسية
photovoltaic,éco-responsable,الطاقة المائية
wind energy,énergie verte,الطاقة المتجددة
eco-friendly,empreinte carbone,الكتلة الحيوية
wind turbine,ben guerir,الاقتصاد الأخضر
energy efficiency,géothermie,الشبكة الذكية
renewable resources,énergie durable,توربين الرياح
carbon footprint,énergie hydraulique,تخزين الطاقة
tidal energy,secteur de l'énergie,طاقة الرياح
climate change,stockage de l'énergie,المغرب
renewable resources,changement climatique,تخزين الطاقة
solar panel,énergie solaire,الحفاظ على الطاقة
wind energy,ben guerir,الطاقة الحرارية الأرضية
eco-friendly,énergie solaire,الطاقة النظيفة
green energy,compensation carbone,قطاع الطاقة
solar power,parc énergétique vert,الطاقة الشمسية
wave energy,parc énergétique vert,طاقة الأمواج
ben guerir,énergie solaire,حديقة الطاقة الخضراء
energy policy,énergie renouvelable,المتجددة
clean technology,énergie renouvelable,الكتلة الحيوية
carbon offset,maroc,طاقة الرياح
green energy,maroc,التنمية المستدامة
morocco,énergie marémotrice,المتجددة
wind energy,énergie éolienne,لوح شمسي
energy transition,géothermie,الطاقة الحرارية الأرضية
carbon offset,efficacité énergétique,المغرب
wind turbine,parc énergétique vert,حديقة الطاقة الخضراء
green energy,géothermie,المتجددة
wave energy,véhicule électrique,تخزين الطاقة
renewable resources,géothermie,المتجددة
biomass,photovoltaïque,كفاءة الطاقة
clean energy,énergie hydraulique,الطاقة الخضراء
energy conservation,solaire,صديق للبيئة
morocco,ressources renouvelables,قطاع الطاقة
energy sector,développement durable,الكتلة الحيوية
solar panel,compensation carbone,تغير المناخ
tidal energy,énergie des vagues,سياسة الطاقة
wind turbine,développement durable,الطاقة المتجددة
Hello,changement climatique,صديق للبيئة
carbon offset,maroc,طاقة المد والجزر
clean energy,carbone neutre,بن جرير
sustainable development,compensation carbone,طاقة المد والجزر
biomass,stockage de l'énergie,الطاقة الشمسية
solar,géothermie,التكنولوجيا النظيفة
energy storage,parc énergétique vert,طاقة الأمواج
carbon neutral,énergie éolienne,الحفاظ على الطاقة
energy transition,énergie renouvelable,تخزين الطاقة
carbon neutral,technologie propre,التنمية المستدامة
wave energy,éolienne,لوح شمسي
wind energy,transition énergétique,الكتلة الحيوية
renewables,maroc,المتجددة
electric vehicle,parc énergétique vert,سياسة الطاقة
smart grid,réseau intelligent,محايد كربوني
sustainable energy,politique énergétique,البصمة الكربونية
solar panel,énergie propre,محايد كربوني
energy transition,efficacité énergétique,كفاءة الطاقة
energy efficiency,parc énergétique vert,الطاقة الحرارية الأرضية
energy policy,solaire,طاقة المد والجزر
wind energy,changement climatique,البصمة الكربونية
climate change,énergie hydraulique,الاقتصاد الأخضر
sustainable energy,maroc,لوح شمسي
sustainable energy,énergie propre,غازات الاحتباس الحراري
solar,ressources renouvelables,كفاءة الطاقة
energy storage,compensation carbone,غازات الاحتباس الحراري
energy sector,changement climatique,المركبة الكهربائية
energy sector,énergie hydraulique,الطاقة الحرارية الأرضية
energy policy,énergie éolienne,تخزين الطاقة
solar,panneau solaire,التكنولوجيا النظيفة
wind turbine,secteur de l'énergie,الطاقة النظيفة
wind energy,énergie renouvelable,حديقة الطاقة الخضراء
sustainable development,photovoltaïque,طاقة الأمواج
clean technology,renouvelables,الطاقة الشمسية
wind energy,énergie durable,طاقة المد والجزر
sustainable energy,véhicule électrique,الاقتصاد الأخضر
clean energy,technologie propre,الطاقة المستدامة
clean technology,politique énergétique,البصمة الكربونية
wind energy,maroc,طاقة المد والجزر
energy conservation,panneau solaire,الموارد المتجددة
climate change,biomasse,المتجددة
sustainable development,énergie des vagues,غازات الاحتباس الحراري
biomass,politique énergétique,الطاقة النظيفة
renewable resources,technologie propre,الطاقة الشمسية
renewable energy,panneau solaire,التكنولوجيا النظيفة
energy policy,transition énergétique,الكتلة الحيوية
wind turbine,conservation de l'énergie,الطاقة المائية
tidal energy,énergie propre,صديق للبيئة
clean energy,politique énergétique,الطاقة الشمسية
geothermal,transition énergétique,قطاع الطاقة
green energy,éolienne,طاقة المد والجزر
climate change,empreinte carbone,توربين الرياح
carbon neutral,énergie marémotrice,الطاقة الخضراء
renewable resources,énergie éolienne,الطاقة الخضراء
energy efficiency,Bonjour,لوح شمسي
wind turbine,énergie renouvelable,التنمية المستدامة
energy efficiency,ressources renouvelables,الطاقة الخضراء
green energy park,réseau intelligent,الموارد المتجددة
green energy,véhicule électrique,قطاع الطاقة
renewables,énergie solaire,سياسة الطاقة
morocco,transition énergétique,تعويض الكربون
biomass,panneau solaire,لوح شمسي
renewable resources,solaire,تعويض الكربون
energy conservation,carbone neutre,الكتلة الحيوية
energy sector,ressources renouvelables,سياسة الطاقة
smart grid,énergie éolienne,التحول الطاقوي
greenhouse gases,empreinte carbone,التحول الطاقوي
sustainable energy,énergie solaire,الطاقة الشمسية
ben guerir,véhicule électrique,الطاقة الحرارية الأرضية
energy conservation,éco-responsable,مرحبا
renewables,développement durable,الطاقة المتجددة
green energy park,efficacité énergétique,الخلايا الضوئية
eco-friendly,énergie renouvelable,سياسة الطاقة
sustainable energy,parc énergétique vert,الطاقة الخضراء
greenhouse gases,éolienne,المغرب
sustainable energy,maroc,الطاقة الحرارية الأرضية
wind turbine,énergie propre,مرحبا
renewable energy,empreinte carbone,الطاقة المستدامة
carbon neutral,secteur de l'énergie,المركبة الكهربائية
wind turbine,compensation carbone,الكتلة الحيوية
sustainable energy,empreinte carbone,التنمية المستدامة
biomass,énergie marémotrice,المركبة الكهربائية
sustainable development,énergie solaire,الطاقة المستدامة
energy conservation,Bonjour,الطاقة الخضراء
energy efficiency,réseau intelligent,الطاقة الشمسية
energy conservation,biomasse,طاقة المد والجزر
green energy,énergie marémotrice,طاقة المد والجزر
clean technology,énergie solaire,المغرب
renewable resources,carbone neutre,الطاقة الخضراء
energy policy,conservation de l'énergie,طاقة الرياح
solar panel,changement climatique,الحفاظ على الطاقة
carbon offset,biomasse,الطاقة الخضراء
biomass,conservation de l'énergie,الحفاظ على الطاقة
carbon offset,énergie renouvelable,الشبكة الذكية
geothermal,solaire,قطاع الطاقة
photovoltaic,énergie des vagues,الكتلة الحيوية
carbon neutral,géothermie,المغرب
clean energy,économie verte,الموارد المتجددة
green energy park,compensation carbone,التحول الطاقوي
wave energy,réseau intelligent,صديق للبيئة
clean technology,éco-responsable,طاقة المد والجزر
clean technology,secteur de l'énergie,التنمية المستدامة
wind turbine,ben guerir,بن جرير
green economy,énergie propre,كفاءة الطاقة
hydropower,éco-responsable,حديقة الطاقة الخضراء
energy sector,énergie renouvelable,سياسة الطاقة
hydropower,solaire,الاقتصاد الأخضر
morocco,énergie hydraulique,صديق للبيئة
energy efficiency,énergie renouvelable,التنمية المستدامة
sustainable energy,efficacité énergétique,الطاقة الحرارية الأرضية
renewables,véhicule électrique,الموارد المتجددة
carbon neutral,efficacité énergétique,توربين الرياح
eco-friendly,énergie éolienne,المغرب
carbon neutral,économie verte,الطاقة المتجددة
smart grid,ben guerir,الاقتصاد الأخضر
solar power,ben guerir,كفاءة الطاقة
tidal energy,conservation de l'énergie,قطاع الطاقة
clean energy,politique énergétique,البصمة الكربونية
wave energy,réseau intelligent,البصمة الكربونية
renewable energy,photovoltaïque,الطاقة الشمسية
